{
  "list": [
    { "id": 0, "name": "aaa" },
    { "id": 1, "name": "bbb" },
    { "id": 3, "name": "ccc" },
    { "id": 4, "name": "ddd" },
    { "id": 5, "name": "eee" },
    { "id": 6, "name": "fff" },
    { "id": 7, "name": "ggg" },
    { "id": 8, "name": "hhhi" },
    { "id": 9, "name": "iii" },
    { "id": 10, "name": "jjj" },
    { "id": 11, "name": "jjj" },
    { "id": 12, "name": "jjj" },
    { "id": 13, "name": "jjj" },
    { "id": 14, "name": "jjj" },
    { "id": 15, "name": "jjj" },
    { "id": 16, "name": "yyy这里是最后" }
  ]
}
