{
    "code": "000000",
    "data": {
        "nickname": "test222",
        "userPermission": [
            {
                "code": "home",
                "level": 1,
                "name": "首页",
                "id": 0,
                "parentId": 0
            },
            {
                "code": "page",
                "level": 1,
                "name": "页面1",
                "id": 1,
                "parentId": 0
            },
            {
                "code": "add",
                "level": 2,
                "name": "页面1新增",
                "id": 2,
                "parentId": 1
            },
            {
                "code": "page",
                "level": 1,
                "name": "页面2",
                "id": 3,
                "parentId": 0
            },
            {
                "code": "add",
                "level": 2,
                "name": "页面2新增",
                "id": 4,
                "parentId": 3
            },
            {
                "code": "detail",
                "level": 2,
                "name": "页面2详情",
                "id": 5,
                "parentId": 3
            },
            {
                "code": "page",
                "level": 1,
                "name": "页面3",
                "id": 6,
                "parentId": 0
            }
        ],
        "status": "1",
        "userLevel": "2"
    },
    "msg": "成功"
}